unitid,subentno,"subentnm",subentrv,subentex
"100812","1","FOSL Loans","1","1"
"101499","1","FDSL","-5","1"
"101505","1","FDSL","1","1"
"101514","1","Federal Direct Student Loan","1","1"
"106458","1","Self-Insurance Program","1","1"
"106795","1","Foundation Committee (construc","1","-5"
"106795","2","Expenses paid for classroom ad","-5","1"
"106795","3","Interest income on donations","1","-5"
"106795","4","Loan for Instructional Equip e","-5","1"
"106795","5","Equipment bond revenue/expense","1","1"
"108056","1","Self Insured Health Insurance","1","1"
"110398","1","off-campus college work-study","1","1"
"111461","1","Cafeteria Fund","1","1"
"111461","2","Building Fund","1","1"
"111461","3","Retiree Benefits","1","1"
"111461","4","Associated Student","1","1"
"111461","5","Bond Fund","1","1"
"115287","1","Property and Acquisitions Expe","-5","1"
"122320","1","Continuing Education Centers","1","1"
"138354","1","Intercollegiate Athletics","-5","-5"
"141574","1","Research Corp. of the Universi","1","1"
"141574","2","University of Hawaii Foundatio","1","1"
"155566","1","AGENCY FUNDS","1","1"
"158662","1","Endowment Funds","1","1"
"158662","2","Loan Funds","1","1"
"160676","1","Development Fund","1","1"
"170976","1","Agency Fund Financial Activiti","1","1"
"171234","1","Endowments-Foundation","1","1"
"171234","2","Plant Funds","1","1"
"171234","3","Agency Funds","1","1"
"176169","1","JTPA(Job Training Partnership","1","1"
"178396","1","University of Missouri-Columbi","1","1"
"178396","2","Missouri Cave L.C.","1","1"
"180197","1","Plant Funds","1","1"
"180197","2","Agency Funds","1","1"
"180197","3","Loan Funds","1","1"
"180416","1","MT BUREAU OF MINES AND GEOLOGY","1","1"
"180470","1","University System Group Insura","1","1"
"180470","2","Claims Purchases GSL Program","1","1"
"188100","1","Riverview Golf Course","-5","-5"
"188100","2","(Component Unit)","1","1"
"204857","1","Ohio University Foundation","1","1"
"216010","1","STUDENT ASSOCIATION","1","1"
"223816","1","EUROPE CAMPUS","-5","-5"
"223816","2","PACIFIC FAR EAST CAMPUS","-5","-5"
"228732","1","BCD, PVAMU, WTAMU, TAES","1","1"
"228732","2","TSU, TAMIU, TAEX, TWDMS","1","1"
"228732","3","TAMU, TAMUG, TFS, TVMDL","1","1"
"228732","4","TAMUC, TAMUCC, TEES, TEEX","1","1"
"228732","5","TAMUK, TAMU, TTI, TAMRF","1","1"
"237899","1","Independent Operations-Metro A","1","1"
"240444","1","Extension programs","1","1"
"420802","1","Arizona State University Land","1","1"
"420802","2","Northern Arizona University La","1","1"
"420802","3","University of Arizona Land Fun","1","1"
